game_id,game_date,game_time,home_team,away_team,home_team_id,away_team_id,team,team_id,team_type,price,sportsbook,last_updated,fetch_date,fetch_time,market_type,handicap
KdXXPzzKqtbMxsjTkyBn,2025-03-19,22:40:00,American University Eagles,Mount St Mary's Mountaineers,1110,1291,American University Eagles,1110,home,-145,betmgm,2025-03-19T18:04:32.266Z,2025-03-19,13:07:41,moneyline,
KdXXPzzKqtbMxsjTkyBn,2025-03-19,22:40:00,American University Eagles,Mount St Mary's Mountaineers,1110,1291,Mount St Mary's Mountaineers,1291,away,+118,betmgm,2025-03-19T18:04:32.266Z,2025-03-19,13:07:41,moneyline,
JFqzfGXe4eF8kIItBNSE,2025-03-19,23:00:00,Florida Atlantic Owls,Dayton Flyers,1196,1173,Florida Atlantic Owls,1196,home,-110,betmgm,2025-03-19T18:04:32.266Z,2025-03-19,13:07:41,moneyline,
JFqzfGXe4eF8kIItBNSE,2025-03-19,23:00:00,Florida Atlantic Owls,Dayton Flyers,1196,1173,Dayton Flyers,1173,away,-110,betmgm,2025-03-19T18:04:32.266Z,2025-03-19,13:07:41,moneyline,
tNMv0dKm3QK10y9J3zFe,2025-03-19,23:00:00,George Mason Patriots,Samford Bulldogs,1206,1359,George Mason Patriots,1206,home,-325,betmgm,2025-03-19T18:04:32.266Z,2025-03-19,13:07:41,moneyline,
tNMv0dKm3QK10y9J3zFe,2025-03-19,23:00:00,George Mason Patriots,Samford Bulldogs,1206,1359,Samford Bulldogs,1359,away,+260,betmgm,2025-03-19T18:04:32.266Z,2025-03-19,13:07:41,moneyline,
YPmJUramTaDKZzaJ5q46,2025-03-20,00:00:00,North Texas Mean Green,Furman Paladins,1317,1202,North Texas Mean Green,1317,home,-375,betmgm,2025-03-19T18:04:32.266Z,2025-03-19,13:07:41,moneyline,
YPmJUramTaDKZzaJ5q46,2025-03-20,00:00:00,North Texas Mean Green,Furman Paladins,1317,1202,Furman Paladins,1202,away,+300,betmgm,2025-03-19T18:04:32.266Z,2025-03-19,13:07:41,moneyline,
ZxhBz21LcEaefKpRYqT0,2025-03-20,00:00:00,Bradley Braves,North Alabama Lions,1133,1104,Bradley Braves,1133,home,-190,betmgm,2025-03-19T18:04:32.266Z,2025-03-19,13:07:41,moneyline,
ZxhBz21LcEaefKpRYqT0,2025-03-20,00:00:00,Bradley Braves,North Alabama Lions,1133,1104,North Alabama Lions,1104,away,+155,betmgm,2025-03-19T18:04:32.266Z,2025-03-19,13:07:41,moneyline,
RIiHFkOv7LgF7JDlCpGJ,2025-03-20,01:00:00,Southern Methodist Mustangs,Northern Iowa Panthers,1374,1234,Southern Methodist Mustangs,1374,home,-600,betmgm,2025-03-19T18:04:32.266Z,2025-03-19,13:07:41,moneyline,
RIiHFkOv7LgF7JDlCpGJ,2025-03-20,01:00:00,Southern Methodist Mustangs,Northern Iowa Panthers,1374,1234,Northern Iowa Panthers,1234,away,+425,betmgm,2025-03-19T18:04:32.266Z,2025-03-19,13:07:41,moneyline,
zBexcl0i7kwGbaGqmgPb,2025-03-20,01:10:00,Texas Longhorns,Xavier Musketeers,1400,1462,Texas Longhorns,1400,home,+135,betmgm,2025-03-19T18:04:32.266Z,2025-03-19,13:07:41,moneyline,
zBexcl0i7kwGbaGqmgPb,2025-03-20,01:10:00,Texas Longhorns,Xavier Musketeers,1400,1462,Xavier Musketeers,1462,away,-160,betmgm,2025-03-19T18:04:32.266Z,2025-03-19,13:07:41,moneyline,
xgaDencMt1N0uqS23HKZ,2025-03-20,02:00:00,UC Irvine Anteaters,Northern Colorado Bears,1414,1160,UC Irvine Anteaters,1414,home,-325,betmgm,2025-03-19T18:04:26.000Z,2025-03-19,13:07:41,moneyline,
xgaDencMt1N0uqS23HKZ,2025-03-20,02:00:00,UC Irvine Anteaters,Northern Colorado Bears,1414,1160,Northern Colorado Bears,1160,away,+260,betmgm,2025-03-19T18:04:26.000Z,2025-03-19,13:07:41,moneyline,
GI8gE6Hu7mEXTYeZrog0,2025-03-20,03:00:00,San Francisco Dons,Utah Valley Wolverines,1362,1428,San Francisco Dons,1362,home,-325,betmgm,2025-03-19T18:04:32.266Z,2025-03-19,13:07:41,moneyline,
GI8gE6Hu7mEXTYeZrog0,2025-03-20,03:00:00,San Francisco Dons,Utah Valley Wolverines,1362,1428,Utah Valley Wolverines,1428,away,+260,betmgm,2025-03-19T18:04:32.266Z,2025-03-19,13:07:41,moneyline,
NWEWA52Ng8AXCJKOAw3O,2025-03-20,03:00:00,San Jose State Spartans,Loyola Chicago Ramblers,1363,1260,San Jose State Spartans,1363,home,+140,betmgm,2025-03-19T18:04:32.266Z,2025-03-19,13:07:41,moneyline,
NWEWA52Ng8AXCJKOAw3O,2025-03-20,03:00:00,San Jose State Spartans,Loyola Chicago Ramblers,1363,1260,Loyola Chicago Ramblers,1260,away,-170,betmgm,2025-03-19T18:04:32.266Z,2025-03-19,13:07:41,moneyline,
Cwii88OQiALhGiU7jdb2,2025-03-20,16:15:00,Louisville Cardinals,Creighton Bluejays,1257,1166,Louisville Cardinals,1257,home,-150,betmgm,2025-03-19T18:04:32.266Z,2025-03-19,13:07:41,moneyline,
Cwii88OQiALhGiU7jdb2,2025-03-20,16:15:00,Louisville Cardinals,Creighton Bluejays,1257,1166,Creighton Bluejays,1166,away,+125,betmgm,2025-03-19T18:04:32.266Z,2025-03-19,13:07:41,moneyline,
3twLZTfPfgBJFNabkDvX,2025-03-20,16:40:00,Purdue Boilermakers,High Point Panthers,1345,1219,Purdue Boilermakers,1345,home,-350,betmgm,2025-03-19T18:04:32.266Z,2025-03-19,13:07:41,moneyline,
3twLZTfPfgBJFNabkDvX,2025-03-20,16:40:00,Purdue Boilermakers,High Point Panthers,1345,1219,High Point Panthers,1219,away,+280,betmgm,2025-03-19T18:04:32.266Z,2025-03-19,13:07:41,moneyline,
fQBkd4DTagdDjyCSGZxs,2025-03-20,17:30:00,Wisconsin Badgers,Montana Grizzlies,1458,1285,Wisconsin Badgers,1458,home,-2500,betmgm,2025-03-19T18:04:32.266Z,2025-03-19,13:07:41,moneyline,
fQBkd4DTagdDjyCSGZxs,2025-03-20,17:30:00,Wisconsin Badgers,Montana Grizzlies,1458,1285,Montana Grizzlies,1285,away,+1050,betmgm,2025-03-19T18:04:32.266Z,2025-03-19,13:07:41,moneyline,
HL47B7mQcohjdl1PdGp1,2025-03-20,18:00:00,Houston Cougars,SIU Edwardsville Cougars,1222,1188,Houston Cougars,1222,home,-10000,betmgm,2025-03-19T18:04:32.266Z,2025-03-19,13:07:41,moneyline,
HL47B7mQcohjdl1PdGp1,2025-03-20,18:00:00,Houston Cougars,SIU Edwardsville Cougars,1222,1188,SIU Edwardsville Cougars,1188,away,+3300,betmgm,2025-03-19T18:04:32.266Z,2025-03-19,13:07:41,moneyline,
zV9w7yyick7K9okwwCZu,2025-03-20,18:50:00,Auburn Tigers,Alabama State Hornets,1120,1104,Auburn Tigers,1120,home,-10000,betmgm,2025-03-19T18:04:32.266Z,2025-03-19,13:07:41,moneyline,
zV9w7yyick7K9okwwCZu,2025-03-20,18:50:00,Auburn Tigers,Alabama State Hornets,1120,1104,Alabama State Hornets,1104,away,+3300,betmgm,2025-03-19T18:04:32.266Z,2025-03-19,13:07:41,moneyline,
0io5id7HZUxSHIGBiP6r,2025-03-20,19:15:00,Clemson Tigers,McNeese State Cowboys,1155,1270,Clemson Tigers,1155,home,-350,betmgm,2025-03-19T18:04:32.266Z,2025-03-19,13:07:41,moneyline,
0io5id7HZUxSHIGBiP6r,2025-03-20,19:15:00,Clemson Tigers,McNeese State Cowboys,1155,1270,McNeese State Cowboys,1270,away,+275,betmgm,2025-03-19T18:04:32.266Z,2025-03-19,13:07:41,moneyline,
JXxH2lwPLBriLVOVph5t,2025-03-20,20:05:00,Brigham Young Cougars,VCU Rams,1140,1433,Brigham Young Cougars,1140,home,-160,betmgm,2025-03-19T18:04:32.266Z,2025-03-19,13:07:41,moneyline,
JXxH2lwPLBriLVOVph5t,2025-03-20,20:05:00,Brigham Young Cougars,VCU Rams,1140,1433,VCU Rams,1433,away,+135,betmgm,2025-03-19T18:04:32.266Z,2025-03-19,13:07:41,moneyline,
VFicV0wpZIjpZd4yvslU,2025-03-20,20:35:00,Gonzaga Bulldogs,Georgia Bulldogs,1211,1208,Gonzaga Bulldogs,1211,home,-295,betmgm,2025-03-19T18:04:32.266Z,2025-03-19,13:07:42,moneyline,
VFicV0wpZIjpZd4yvslU,2025-03-20,20:35:00,Gonzaga Bulldogs,Georgia Bulldogs,1211,1208,Georgia Bulldogs,1208,away,+230,betmgm,2025-03-19T18:04:32.266Z,2025-03-19,13:07:42,moneyline,
vWhAKE3R793cvy8n0xoV,2025-03-20,22:50:00,Tennessee Volunteers,Wofford Terriers,1397,1459,Tennessee Volunteers,1397,home,-3000,betmgm,2025-03-19T18:04:32.266Z,2025-03-19,13:07:42,moneyline,
vWhAKE3R793cvy8n0xoV,2025-03-20,22:50:00,Tennessee Volunteers,Wofford Terriers,1397,1459,Wofford Terriers,1459,away,+1300,betmgm,2025-03-19T18:04:32.266Z,2025-03-19,13:07:42,moneyline,
LjIr89TB0xNfDc4E3gLu,2025-03-20,23:10:00,Kansas Jayhawks,Arkansas Razorbacks,1242,1116,Kansas Jayhawks,1242,home,-220,betmgm,2025-03-19T18:04:32.266Z,2025-03-19,13:07:42,moneyline,
LjIr89TB0xNfDc4E3gLu,2025-03-20,23:10:00,Kansas Jayhawks,Arkansas Razorbacks,1242,1116,Arkansas Razorbacks,1116,away,+180,betmgm,2025-03-19T18:04:32.266Z,2025-03-19,13:07:42,moneyline,
mwRs6DD7jKFGpVlcXhbX,2025-03-20,23:25:00,Texas A&M Aggies,Yale Bulldogs,1401,1463,Texas A&M Aggies,1401,home,-325,betmgm,2025-03-19T18:04:32.266Z,2025-03-19,13:07:42,moneyline,
mwRs6DD7jKFGpVlcXhbX,2025-03-20,23:25:00,Texas A&M Aggies,Yale Bulldogs,1401,1463,Yale Bulldogs,1463,away,+260,betmgm,2025-03-19T18:04:32.266Z,2025-03-19,13:07:42,moneyline,
41qNmvq0odvKIeYWCMjS,2025-03-20,23:35:00,Missouri Tigers,Drake Bulldogs,1281,1179,Missouri Tigers,1281,home,-275,betmgm,2025-03-19T18:04:32.266Z,2025-03-19,13:07:42,moneyline,
41qNmvq0odvKIeYWCMjS,2025-03-20,23:35:00,Missouri Tigers,Drake Bulldogs,1281,1179,Drake Bulldogs,1179,away,+220,betmgm,2025-03-19T18:04:32.266Z,2025-03-19,13:07:42,moneyline,
LVfzgFNIA0hAu1EA8X8o,2025-03-21,01:25:00,UCLA Bruins,Utah State Aggies,1417,1429,UCLA Bruins,1417,home,-235,betmgm,2025-03-19T18:04:32.266Z,2025-03-19,13:07:42,moneyline,
LVfzgFNIA0hAu1EA8X8o,2025-03-21,01:25:00,UCLA Bruins,Utah State Aggies,1417,1429,Utah State Aggies,1429,away,+195,betmgm,2025-03-19T18:04:32.266Z,2025-03-19,13:07:42,moneyline,
l3S6nmHHrnXmrWR1D68e,2025-03-21,01:45:00,St. John's Red Storm,Nebraska-Omaha Mavericks,1385,1303,St. John's Red Storm,1385,home,-3000,betmgm,2025-03-19T18:04:32.266Z,2025-03-19,13:07:42,moneyline,
l3S6nmHHrnXmrWR1D68e,2025-03-21,01:45:00,St. John's Red Storm,Nebraska-Omaha Mavericks,1385,1303,Nebraska-Omaha Mavericks,1303,away,+1250,betmgm,2025-03-19T18:04:32.266Z,2025-03-19,13:07:42,moneyline,
mMcqVml2WDWoTR9nJyGv,2025-03-21,02:00:00,Michigan Wolverines,California San Diego Tritons,1276,1471,Michigan Wolverines,1276,home,-145,betmgm,2025-03-19T18:04:32.266Z,2025-03-19,13:07:42,moneyline,
mMcqVml2WDWoTR9nJyGv,2025-03-21,02:00:00,Michigan Wolverines,California San Diego Tritons,1276,1471,California San Diego Tritons,1471,away,+118,betmgm,2025-03-19T18:04:32.266Z,2025-03-19,13:07:42,moneyline,
MK7RtqZRRuA18UN8mkuw,2025-03-21,02:10:00,Texas Tech Red Raiders,UNC Wilmington Seahawks,1403,1423,Texas Tech Red Raiders,1403,home,-1400,betmgm,2025-03-19T18:04:32.266Z,2025-03-19,13:07:42,moneyline,
MK7RtqZRRuA18UN8mkuw,2025-03-21,02:10:00,Texas Tech Red Raiders,UNC Wilmington Seahawks,1403,1423,UNC Wilmington Seahawks,1423,away,+825,betmgm,2025-03-19T18:04:32.266Z,2025-03-19,13:07:42,moneyline,
yh88Hmbizu2hT0qPAeKt,2025-03-21,16:15:00,Mississippi State Bulldogs,Baylor Bears,1280,1124,Mississippi State Bulldogs,1280,home,-120,betmgm,2025-03-19T18:04:32.266Z,2025-03-19,13:07:42,moneyline,
yh88Hmbizu2hT0qPAeKt,2025-03-21,16:15:00,Mississippi State Bulldogs,Baylor Bears,1280,1124,Baylor Bears,1124,away,+100,betmgm,2025-03-19T18:04:32.266Z,2025-03-19,13:07:42,moneyline,
tFUmVlDjINXqSKwm9Kku,2025-03-21,16:40:00,Alabama Crimson Tide,Robert Morris Colonials,1104,1352,Alabama Crimson Tide,1104,home,-10000,betmgm,2025-03-19T18:04:32.266Z,2025-03-19,13:07:42,moneyline,
tFUmVlDjINXqSKwm9Kku,2025-03-21,16:40:00,Alabama Crimson Tide,Robert Morris Colonials,1104,1352,Robert Morris Colonials,1352,away,+1900,betmgm,2025-03-19T18:04:32.266Z,2025-03-19,13:07:42,moneyline,
oZvXVSQzPaLxTcLTllJ1,2025-03-21,17:30:00,Iowa State Cyclones,Lipscomb Bisons,1235,1252,Iowa State Cyclones,1235,home,-1600,betmgm,2025-03-19T18:04:32.266Z,2025-03-19,13:07:42,moneyline,
oZvXVSQzPaLxTcLTllJ1,2025-03-21,17:30:00,Iowa State Cyclones,Lipscomb Bisons,1235,1252,Lipscomb Bisons,1252,away,+875,betmgm,2025-03-19T18:04:32.266Z,2025-03-19,13:07:42,moneyline,
jGQKIlfkIDP6G4yVh5IH,2025-03-21,18:00:00,Memphis Tigers,Colorado State Rams,1272,1161,Memphis Tigers,1272,home,+110,betmgm,2025-03-19T18:04:32.266Z,2025-03-19,13:07:42,moneyline,
jGQKIlfkIDP6G4yVh5IH,2025-03-21,18:00:00,Memphis Tigers,Colorado State Rams,1272,1161,Colorado State Rams,1161,away,-135,betmgm,2025-03-19T18:04:32.266Z,2025-03-19,13:07:42,moneyline,
RtjK6t8AvXqzLOY75rny,2025-03-21,19:15:00,St Mary's Gaels,Vanderbilt Commodores,1388,1435,St Mary's Gaels,1388,home,-190,betmgm,2025-03-19T18:04:32.266Z,2025-03-19,13:07:42,moneyline,
RtjK6t8AvXqzLOY75rny,2025-03-21,19:15:00,St Mary's Gaels,Vanderbilt Commodores,1388,1435,Vanderbilt Commodores,1435,away,+155,betmgm,2025-03-19T18:04:32.266Z,2025-03-19,13:07:42,moneyline,
Cbv5dtmkppCKt36B4euh,2025-03-21,20:05:00,Mississippi Rebels,North Carolina Tar Heels,1279,1314,Mississippi Rebels,1279,home,+105,betmgm,2025-03-19T18:04:32.266Z,2025-03-19,13:07:42,moneyline,
Cbv5dtmkppCKt36B4euh,2025-03-21,20:05:00,Mississippi Rebels,North Carolina Tar Heels,1279,1314,North Carolina Tar Heels,1314,away,-130,betmgm,2025-03-19T18:04:32.266Z,2025-03-19,13:07:42,moneyline,
ost0ykNFJVE3MmvnA1b6,2025-03-21,20:35:00,Maryland Terrapins,Grand Canyon Antelopes,1268,1213,Maryland Terrapins,1268,home,-625,betmgm,2025-03-19T18:04:32.266Z,2025-03-19,13:07:42,moneyline,
ost0ykNFJVE3MmvnA1b6,2025-03-21,20:35:00,Maryland Terrapins,Grand Canyon Antelopes,1268,1213,Grand Canyon Antelopes,1213,away,+450,betmgm,2025-03-19T18:04:32.266Z,2025-03-19,13:07:42,moneyline,
E5WP4NGFejeUx1jqQcOE,2025-03-21,22:50:00,Florida Gators,Norfolk State,1196,1313,Florida Gators,1196,home,-10000,betmgm,2025-03-19T18:04:32.266Z,2025-03-19,13:07:42,moneyline,
E5WP4NGFejeUx1jqQcOE,2025-03-21,22:50:00,Florida Gators,Norfolk State,1196,1313,Norfolk State,1313,away,+3300,betmgm,2025-03-19T18:04:32.266Z,2025-03-19,13:07:42,moneyline,
hzMxDJlGe0lV10Tg58RZ,2025-03-21,23:10:00,Kentucky Wildcats,Troy State Trojans,1246,1407,Kentucky Wildcats,1246,home,-750,betmgm,2025-03-19T18:04:32.266Z,2025-03-19,13:07:42,moneyline,
hzMxDJlGe0lV10Tg58RZ,2025-03-21,23:10:00,Kentucky Wildcats,Troy State Trojans,1246,1407,Troy State Trojans,1407,away,+525,betmgm,2025-03-19T18:04:32.266Z,2025-03-19,13:07:42,moneyline,
0RI96Mj9J5YwRGkwDbAJ,2025-03-21,23:25:00,Marquette Golden Eagles,New Mexico Lobos,1266,1307,Marquette Golden Eagles,1266,home,-175,betmgm,2025-03-19T18:04:32.266Z,2025-03-19,13:07:42,moneyline,
0RI96Mj9J5YwRGkwDbAJ,2025-03-21,23:25:00,Marquette Golden Eagles,New Mexico Lobos,1266,1307,New Mexico Lobos,1307,away,+145,betmgm,2025-03-19T18:04:32.266Z,2025-03-19,13:07:42,moneyline,
PUkCh53nNlSqgCgmY47k,2025-03-21,23:35:00,Arizona Wildcats,Akron Zips,1112,1103,Arizona Wildcats,1112,home,-1200,betmgm,2025-03-19T18:04:32.266Z,2025-03-19,13:07:42,moneyline,
PUkCh53nNlSqgCgmY47k,2025-03-21,23:35:00,Arizona Wildcats,Akron Zips,1112,1103,Akron Zips,1103,away,+750,betmgm,2025-03-19T18:04:32.266Z,2025-03-19,13:07:42,moneyline,
KdXXPzzKqtbMxsjTkyBn,2025-03-19,22:40:00,American University Eagles,Mount St Mary's Mountaineers,1110,1291,American University Eagles,1110,home,-110,betmgm,2025-03-19T18:05:15.000Z,2025-03-19,13:07:41,spread,-2.5
KdXXPzzKqtbMxsjTkyBn,2025-03-19,22:40:00,American University Eagles,Mount St Mary's Mountaineers,1110,1291,Mount St Mary's Mountaineers,1291,away,-110,betmgm,2025-03-19T18:05:15.000Z,2025-03-19,13:07:41,spread,+2.5
JFqzfGXe4eF8kIItBNSE,2025-03-19,23:00:00,Florida Atlantic Owls,Dayton Flyers,1196,1173,Florida Atlantic Owls,1196,home,+105,betmgm,2025-03-19T18:05:15.000Z,2025-03-19,13:07:41,spread,-1.5
JFqzfGXe4eF8kIItBNSE,2025-03-19,23:00:00,Florida Atlantic Owls,Dayton Flyers,1196,1173,Dayton Flyers,1173,away,-130,betmgm,2025-03-19T18:05:15.000Z,2025-03-19,13:07:41,spread,+1.5
tNMv0dKm3QK10y9J3zFe,2025-03-19,23:00:00,George Mason Patriots,Samford Bulldogs,1206,1359,George Mason Patriots,1206,home,-105,betmgm,2025-03-19T18:04:32.266Z,2025-03-19,13:07:41,spread,-7.5
tNMv0dKm3QK10y9J3zFe,2025-03-19,23:00:00,George Mason Patriots,Samford Bulldogs,1206,1359,Samford Bulldogs,1359,away,-115,betmgm,2025-03-19T18:04:32.266Z,2025-03-19,13:07:41,spread,+7.5
YPmJUramTaDKZzaJ5q46,2025-03-20,00:00:00,North Texas Mean Green,Furman Paladins,1317,1202,North Texas Mean Green,1317,home,-110,betmgm,2025-03-19T18:04:51.000Z,2025-03-19,13:07:41,spread,-8.5
YPmJUramTaDKZzaJ5q46,2025-03-20,00:00:00,North Texas Mean Green,Furman Paladins,1317,1202,Furman Paladins,1202,away,-110,betmgm,2025-03-19T18:04:51.000Z,2025-03-19,13:07:41,spread,+8.5
ZxhBz21LcEaefKpRYqT0,2025-03-20,00:00:00,Bradley Braves,North Alabama Lions,1133,1104,Bradley Braves,1133,home,-110,betmgm,2025-03-19T18:04:51.000Z,2025-03-19,13:07:41,spread,-4.5
ZxhBz21LcEaefKpRYqT0,2025-03-20,00:00:00,Bradley Braves,North Alabama Lions,1133,1104,North Alabama Lions,1104,away,-110,betmgm,2025-03-19T18:04:51.000Z,2025-03-19,13:07:41,spread,+4.5
RIiHFkOv7LgF7JDlCpGJ,2025-03-20,01:00:00,Southern Methodist Mustangs,Northern Iowa Panthers,1374,1234,Southern Methodist Mustangs,1374,home,-105,betmgm,2025-03-19T18:05:15.000Z,2025-03-19,13:07:41,spread,-10.5
RIiHFkOv7LgF7JDlCpGJ,2025-03-20,01:00:00,Southern Methodist Mustangs,Northern Iowa Panthers,1374,1234,Northern Iowa Panthers,1234,away,-115,betmgm,2025-03-19T18:05:15.000Z,2025-03-19,13:07:41,spread,+10.5
zBexcl0i7kwGbaGqmgPb,2025-03-20,01:10:00,Texas Longhorns,Xavier Musketeers,1400,1462,Texas Longhorns,1400,home,-105,betmgm,2025-03-19T18:05:15.000Z,2025-03-19,13:07:41,spread,+2.5
zBexcl0i7kwGbaGqmgPb,2025-03-20,01:10:00,Texas Longhorns,Xavier Musketeers,1400,1462,Xavier Musketeers,1462,away,-115,betmgm,2025-03-19T18:05:15.000Z,2025-03-19,13:07:41,spread,-2.5
xgaDencMt1N0uqS23HKZ,2025-03-20,02:00:00,UC Irvine Anteaters,Northern Colorado Bears,1414,1160,UC Irvine Anteaters,1414,home,-110,betmgm,2025-03-19T18:04:26.000Z,2025-03-19,13:07:41,spread,-7.5
xgaDencMt1N0uqS23HKZ,2025-03-20,02:00:00,UC Irvine Anteaters,Northern Colorado Bears,1414,1160,Northern Colorado Bears,1160,away,-110,betmgm,2025-03-19T18:04:26.000Z,2025-03-19,13:07:41,spread,+7.5
GI8gE6Hu7mEXTYeZrog0,2025-03-20,03:00:00,San Francisco Dons,Utah Valley Wolverines,1362,1428,San Francisco Dons,1362,home,-110,betmgm,2025-03-19T18:05:15.000Z,2025-03-19,13:07:41,spread,-7.5
GI8gE6Hu7mEXTYeZrog0,2025-03-20,03:00:00,San Francisco Dons,Utah Valley Wolverines,1362,1428,Utah Valley Wolverines,1428,away,-110,betmgm,2025-03-19T18:05:15.000Z,2025-03-19,13:07:41,spread,+7.5
NWEWA52Ng8AXCJKOAw3O,2025-03-20,03:00:00,San Jose State Spartans,Loyola Chicago Ramblers,1363,1260,San Jose State Spartans,1363,home,-110,betmgm,2025-03-19T18:04:32.266Z,2025-03-19,13:07:41,spread,+3.5
NWEWA52Ng8AXCJKOAw3O,2025-03-20,03:00:00,San Jose State Spartans,Loyola Chicago Ramblers,1363,1260,Loyola Chicago Ramblers,1260,away,-110,betmgm,2025-03-19T18:04:32.266Z,2025-03-19,13:07:41,spread,-3.5
Cwii88OQiALhGiU7jdb2,2025-03-20,16:15:00,Louisville Cardinals,Creighton Bluejays,1257,1166,Louisville Cardinals,1257,home,-110,betmgm,2025-03-19T18:04:32.266Z,2025-03-19,13:07:41,spread,-2.5
Cwii88OQiALhGiU7jdb2,2025-03-20,16:15:00,Louisville Cardinals,Creighton Bluejays,1257,1166,Creighton Bluejays,1166,away,-110,betmgm,2025-03-19T18:04:32.266Z,2025-03-19,13:07:41,spread,+2.5
3twLZTfPfgBJFNabkDvX,2025-03-20,16:40:00,Purdue Boilermakers,High Point Panthers,1345,1219,Purdue Boilermakers,1345,home,-115,betmgm,2025-03-19T18:05:15.000Z,2025-03-19,13:07:41,spread,-7.5
3twLZTfPfgBJFNabkDvX,2025-03-20,16:40:00,Purdue Boilermakers,High Point Panthers,1345,1219,High Point Panthers,1219,away,-105,betmgm,2025-03-19T18:05:15.000Z,2025-03-19,13:07:41,spread,+7.5
fQBkd4DTagdDjyCSGZxs,2025-03-20,17:30:00,Wisconsin Badgers,Montana Grizzlies,1458,1285,Wisconsin Badgers,1458,home,-105,betmgm,2025-03-19T18:04:32.266Z,2025-03-19,13:07:41,spread,-17.5
fQBkd4DTagdDjyCSGZxs,2025-03-20,17:30:00,Wisconsin Badgers,Montana Grizzlies,1458,1285,Montana Grizzlies,1285,away,-115,betmgm,2025-03-19T18:04:32.266Z,2025-03-19,13:07:41,spread,+17.5
HL47B7mQcohjdl1PdGp1,2025-03-20,18:00:00,Houston Cougars,SIU Edwardsville Cougars,1222,1188,Houston Cougars,1222,home,-110,betmgm,2025-03-19T18:04:32.266Z,2025-03-19,13:07:41,spread,-29.5
HL47B7mQcohjdl1PdGp1,2025-03-20,18:00:00,Houston Cougars,SIU Edwardsville Cougars,1222,1188,SIU Edwardsville Cougars,1188,away,-110,betmgm,2025-03-19T18:04:32.266Z,2025-03-19,13:07:41,spread,+29.5
zV9w7yyick7K9okwwCZu,2025-03-20,18:50:00,Auburn Tigers,Alabama State Hornets,1120,1104,Auburn Tigers,1120,home,-105,betmgm,2025-03-19T18:04:32.266Z,2025-03-19,13:07:41,spread,-32.5
zV9w7yyick7K9okwwCZu,2025-03-20,18:50:00,Auburn Tigers,Alabama State Hornets,1120,1104,Alabama State Hornets,1104,away,-115,betmgm,2025-03-19T18:04:32.266Z,2025-03-19,13:07:41,spread,+32.5
0io5id7HZUxSHIGBiP6r,2025-03-20,19:15:00,Clemson Tigers,McNeese State Cowboys,1155,1270,Clemson Tigers,1155,home,-110,betmgm,2025-03-19T18:05:15.000Z,2025-03-19,13:07:41,spread,-7.5
0io5id7HZUxSHIGBiP6r,2025-03-20,19:15:00,Clemson Tigers,McNeese State Cowboys,1155,1270,McNeese State Cowboys,1270,away,-110,betmgm,2025-03-19T18:05:15.000Z,2025-03-19,13:07:41,spread,+7.5
JXxH2lwPLBriLVOVph5t,2025-03-20,20:05:00,Brigham Young Cougars,VCU Rams,1140,1433,Brigham Young Cougars,1140,home,-115,betmgm,2025-03-19T18:05:15.000Z,2025-03-19,13:07:41,spread,-2.5
JXxH2lwPLBriLVOVph5t,2025-03-20,20:05:00,Brigham Young Cougars,VCU Rams,1140,1433,VCU Rams,1433,away,-105,betmgm,2025-03-19T18:05:15.000Z,2025-03-19,13:07:41,spread,+2.5
VFicV0wpZIjpZd4yvslU,2025-03-20,20:35:00,Gonzaga Bulldogs,Georgia Bulldogs,1211,1208,Gonzaga Bulldogs,1211,home,-115,betmgm,2025-03-19T18:05:15.000Z,2025-03-19,13:07:42,spread,-6.5
VFicV0wpZIjpZd4yvslU,2025-03-20,20:35:00,Gonzaga Bulldogs,Georgia Bulldogs,1211,1208,Georgia Bulldogs,1208,away,-105,betmgm,2025-03-19T18:05:15.000Z,2025-03-19,13:07:42,spread,+6.5
vWhAKE3R793cvy8n0xoV,2025-03-20,22:50:00,Tennessee Volunteers,Wofford Terriers,1397,1459,Tennessee Volunteers,1397,home,-115,betmgm,2025-03-19T18:04:58.000Z,2025-03-19,13:07:42,spread,-18.5
vWhAKE3R793cvy8n0xoV,2025-03-20,22:50:00,Tennessee Volunteers,Wofford Terriers,1397,1459,Wofford Terriers,1459,away,-105,betmgm,2025-03-19T18:04:58.000Z,2025-03-19,13:07:42,spread,+18.5
LjIr89TB0xNfDc4E3gLu,2025-03-20,23:10:00,Kansas Jayhawks,Arkansas Razorbacks,1242,1116,Kansas Jayhawks,1242,home,-120,betmgm,2025-03-19T18:05:15.000Z,2025-03-19,13:07:42,spread,-4.5
LjIr89TB0xNfDc4E3gLu,2025-03-20,23:10:00,Kansas Jayhawks,Arkansas Razorbacks,1242,1116,Arkansas Razorbacks,1116,away,+100,betmgm,2025-03-19T18:05:15.000Z,2025-03-19,13:07:42,spread,+4.5
mwRs6DD7jKFGpVlcXhbX,2025-03-20,23:25:00,Texas A&M Aggies,Yale Bulldogs,1401,1463,Texas A&M Aggies,1401,home,-110,betmgm,2025-03-19T18:04:32.266Z,2025-03-19,13:07:42,spread,-7.5
mwRs6DD7jKFGpVlcXhbX,2025-03-20,23:25:00,Texas A&M Aggies,Yale Bulldogs,1401,1463,Yale Bulldogs,1463,away,-110,betmgm,2025-03-19T18:04:32.266Z,2025-03-19,13:07:42,spread,+7.5
41qNmvq0odvKIeYWCMjS,2025-03-20,23:35:00,Missouri Tigers,Drake Bulldogs,1281,1179,Missouri Tigers,1281,home,-110,betmgm,2025-03-19T18:04:35.000Z,2025-03-19,13:07:42,spread,-6.5
41qNmvq0odvKIeYWCMjS,2025-03-20,23:35:00,Missouri Tigers,Drake Bulldogs,1281,1179,Drake Bulldogs,1179,away,-110,betmgm,2025-03-19T18:04:35.000Z,2025-03-19,13:07:42,spread,+6.5
LVfzgFNIA0hAu1EA8X8o,2025-03-21,01:25:00,UCLA Bruins,Utah State Aggies,1417,1429,UCLA Bruins,1417,home,-110,betmgm,2025-03-19T18:04:32.266Z,2025-03-19,13:07:42,spread,-5.5
LVfzgFNIA0hAu1EA8X8o,2025-03-21,01:25:00,UCLA Bruins,Utah State Aggies,1417,1429,Utah State Aggies,1429,away,-110,betmgm,2025-03-19T18:04:32.266Z,2025-03-19,13:07:42,spread,+5.5
l3S6nmHHrnXmrWR1D68e,2025-03-21,01:45:00,St. John's Red Storm,Nebraska-Omaha Mavericks,1385,1303,St. John's Red Storm,1385,home,-115,betmgm,2025-03-19T18:04:32.266Z,2025-03-19,13:07:42,spread,-18.5
l3S6nmHHrnXmrWR1D68e,2025-03-21,01:45:00,St. John's Red Storm,Nebraska-Omaha Mavericks,1385,1303,Nebraska-Omaha Mavericks,1303,away,-105,betmgm,2025-03-19T18:04:32.266Z,2025-03-19,13:07:42,spread,+18.5
mMcqVml2WDWoTR9nJyGv,2025-03-21,02:00:00,Michigan Wolverines,California San Diego Tritons,1276,1471,Michigan Wolverines,1276,home,-110,betmgm,2025-03-19T18:05:15.000Z,2025-03-19,13:07:42,spread,-2.5
mMcqVml2WDWoTR9nJyGv,2025-03-21,02:00:00,Michigan Wolverines,California San Diego Tritons,1276,1471,California San Diego Tritons,1471,away,-110,betmgm,2025-03-19T18:05:15.000Z,2025-03-19,13:07:42,spread,+2.5
MK7RtqZRRuA18UN8mkuw,2025-03-21,02:10:00,Texas Tech Red Raiders,UNC Wilmington Seahawks,1403,1423,Texas Tech Red Raiders,1403,home,-115,betmgm,2025-03-19T18:04:32.266Z,2025-03-19,13:07:42,spread,-14.5
MK7RtqZRRuA18UN8mkuw,2025-03-21,02:10:00,Texas Tech Red Raiders,UNC Wilmington Seahawks,1403,1423,UNC Wilmington Seahawks,1423,away,-105,betmgm,2025-03-19T18:04:32.266Z,2025-03-19,13:07:42,spread,+14.5
yh88Hmbizu2hT0qPAeKt,2025-03-21,16:15:00,Mississippi State Bulldogs,Baylor Bears,1280,1124,Mississippi State Bulldogs,1280,home,-105,betmgm,2025-03-19T18:04:32.266Z,2025-03-19,13:07:42,spread,-1.5
yh88Hmbizu2hT0qPAeKt,2025-03-21,16:15:00,Mississippi State Bulldogs,Baylor Bears,1280,1124,Baylor Bears,1124,away,-115,betmgm,2025-03-19T18:04:32.266Z,2025-03-19,13:07:42,spread,+1.5
tFUmVlDjINXqSKwm9Kku,2025-03-21,16:40:00,Alabama Crimson Tide,Robert Morris Colonials,1104,1352,Alabama Crimson Tide,1104,home,-105,betmgm,2025-03-19T18:04:32.266Z,2025-03-19,13:07:42,spread,-23.5
tFUmVlDjINXqSKwm9Kku,2025-03-21,16:40:00,Alabama Crimson Tide,Robert Morris Colonials,1104,1352,Robert Morris Colonials,1352,away,-115,betmgm,2025-03-19T18:04:32.266Z,2025-03-19,13:07:42,spread,+23.5
oZvXVSQzPaLxTcLTllJ1,2025-03-21,17:30:00,Iowa State Cyclones,Lipscomb Bisons,1235,1252,Iowa State Cyclones,1235,home,-105,betmgm,2025-03-19T18:04:46.000Z,2025-03-19,13:07:42,spread,-15.5
oZvXVSQzPaLxTcLTllJ1,2025-03-21,17:30:00,Iowa State Cyclones,Lipscomb Bisons,1235,1252,Lipscomb Bisons,1252,away,-115,betmgm,2025-03-19T18:04:46.000Z,2025-03-19,13:07:42,spread,+15.5
jGQKIlfkIDP6G4yVh5IH,2025-03-21,18:00:00,Memphis Tigers,Colorado State Rams,1272,1161,Memphis Tigers,1272,home,-105,betmgm,2025-03-19T18:05:15.000Z,2025-03-19,13:07:42,spread,+1.5
jGQKIlfkIDP6G4yVh5IH,2025-03-21,18:00:00,Memphis Tigers,Colorado State Rams,1272,1161,Colorado State Rams,1161,away,-115,betmgm,2025-03-19T18:05:15.000Z,2025-03-19,13:07:42,spread,-1.5
RtjK6t8AvXqzLOY75rny,2025-03-21,19:15:00,St Mary's Gaels,Vanderbilt Commodores,1388,1435,St Mary's Gaels,1388,home,-105,betmgm,2025-03-19T18:04:32.266Z,2025-03-19,13:07:42,spread,-4.5
RtjK6t8AvXqzLOY75rny,2025-03-21,19:15:00,St Mary's Gaels,Vanderbilt Commodores,1388,1435,Vanderbilt Commodores,1435,away,-115,betmgm,2025-03-19T18:04:32.266Z,2025-03-19,13:07:42,spread,+4.5
Cbv5dtmkppCKt36B4euh,2025-03-21,20:05:00,Mississippi Rebels,North Carolina Tar Heels,1279,1314,Mississippi Rebels,1279,home,-105,betmgm,2025-03-19T18:04:51.000Z,2025-03-19,13:07:42,spread,+1.5
Cbv5dtmkppCKt36B4euh,2025-03-21,20:05:00,Mississippi Rebels,North Carolina Tar Heels,1279,1314,North Carolina Tar Heels,1314,away,-115,betmgm,2025-03-19T18:04:51.000Z,2025-03-19,13:07:42,spread,-1.5
ost0ykNFJVE3MmvnA1b6,2025-03-21,20:35:00,Maryland Terrapins,Grand Canyon Antelopes,1268,1213,Maryland Terrapins,1268,home,-110,betmgm,2025-03-19T18:05:15.000Z,2025-03-19,13:07:42,spread,-10.5
ost0ykNFJVE3MmvnA1b6,2025-03-21,20:35:00,Maryland Terrapins,Grand Canyon Antelopes,1268,1213,Grand Canyon Antelopes,1213,away,-110,betmgm,2025-03-19T18:05:15.000Z,2025-03-19,13:07:42,spread,+10.5
E5WP4NGFejeUx1jqQcOE,2025-03-21,22:50:00,Florida Gators,Norfolk State,1196,1313,Florida Gators,1196,home,-110,betmgm,2025-03-19T18:04:51.000Z,2025-03-19,13:07:42,spread,-28.5
E5WP4NGFejeUx1jqQcOE,2025-03-21,22:50:00,Florida Gators,Norfolk State,1196,1313,Norfolk State,1313,away,-110,betmgm,2025-03-19T18:04:51.000Z,2025-03-19,13:07:42,spread,+28.5
hzMxDJlGe0lV10Tg58RZ,2025-03-21,23:10:00,Kentucky Wildcats,Troy State Trojans,1246,1407,Kentucky Wildcats,1246,home,-110,betmgm,2025-03-19T18:04:32.266Z,2025-03-19,13:07:42,spread,-11.5
hzMxDJlGe0lV10Tg58RZ,2025-03-21,23:10:00,Kentucky Wildcats,Troy State Trojans,1246,1407,Troy State Trojans,1407,away,-110,betmgm,2025-03-19T18:04:32.266Z,2025-03-19,13:07:42,spread,+11.5
0RI96Mj9J5YwRGkwDbAJ,2025-03-21,23:25:00,Marquette Golden Eagles,New Mexico Lobos,1266,1307,Marquette Golden Eagles,1266,home,-120,betmgm,2025-03-19T18:05:21.000Z,2025-03-19,13:07:42,spread,-3.5
0RI96Mj9J5YwRGkwDbAJ,2025-03-21,23:25:00,Marquette Golden Eagles,New Mexico Lobos,1266,1307,New Mexico Lobos,1307,away,+100,betmgm,2025-03-19T18:05:21.000Z,2025-03-19,13:07:42,spread,+3.5
PUkCh53nNlSqgCgmY47k,2025-03-21,23:35:00,Arizona Wildcats,Akron Zips,1112,1103,Arizona Wildcats,1112,home,-110,betmgm,2025-03-19T18:05:15.000Z,2025-03-19,13:07:42,spread,-14.5
PUkCh53nNlSqgCgmY47k,2025-03-21,23:35:00,Arizona Wildcats,Akron Zips,1112,1103,Akron Zips,1103,away,-110,betmgm,2025-03-19T18:05:15.000Z,2025-03-19,13:07:42,spread,+14.5
